"BRAND","CATEGORY","PRICE_RANGE","IsPromote"
"Echips","Ноутбуки","18200-24000",0
"Honor MagicBook","Ноутбуки","39000-62000",0
"Xiaomi","Умные часы","3800-4000",0
"Hiwatch PRO","Умные часы","900-1200",0
"SMART PRESENT","Умные часы","2400-4500",0
"Capel","Умные часы","300-600",0
"LVS Smart Watch","Умные часы","36000-40000",0
"TechnoRoyal","Умные часы","2000-2500",0
"Maxvi","Умные часы","400-900",1
"Honor Choice","Умные часы","2500-3400",0
"Insta360 X3","Экшн камеры","44000-50000",0
"ELECTERRA","Экшн камеры","5000-7000",0
"Digma","Экшн камеры","4600-5200",0
"AKASO BRAVE 7 LE","Экшн камеры","11100-15000",1
"Xiaomi Redmi A2","Смартфоны","5600-7000",0
"TCL 408","Смартфоны","5000-6500",0
"F+","Смартфоны","3000-4000",0
"Tecno Spark","Смартфоны","12000-16000",0
"Infinix NOTE 30i","Смартфоны","12000-16000",1
"ITEL A60s","Смартфоны","6400-8000",0
"Xioomo","Монитор","6000-34000",0
"VANWIN","Ноутбуки","30000-50000",1
"31 Vek","Умные розетки","800-2000",0
"3Cott","Блоки питания","300-1800",0
"3Cott","Корпуса","1200-6500",0
"5bites","Системы охлаждения","5000-12000",0
"AccesStyle","Powerbank аккумуляторы","700-12000",0
"Accord","Блоки питания","300-1800",0
"Accord","Корпуса","1200-6500",0
"Acer","Монитор","6000-34000",0
"Acer","Ноутбуки","30000-60000",0
"ACME","Сумки для ноутбуков","1000-5000",0
"AcmePower","Powerbank аккумуляторы","700-12000",0
"Adaptec","RAID и PCI контроллеры","1400-4700",0
"A-Data","Powerbank аккумуляторы","700-12000",0
"A-Data","SSD накопители","1700-5000",0
"A-Data","Жесткие диски","2000-25000",0
"A-Data","Оперативная память","1200-15000",0
"Aeotec","Умные розетки","800-2000",0
"Aerocool","Блоки питания","300-1800",0
"Aerocool","Корпуса","1200-6500",0
"Aerocool","Системы охлаждения","5000-12000",0
"AFOX","SSD накопители","1700-5000",0
"AFOX","Оперативная память","1200-15000",0
"AgeStar","RAID и PCI контроллеры","1400-4700",0
"Aksberry","Powerbank аккумуляторы","700-12000",0
"Alcatel","3G / LTE модемы","700-3000",0
"Alcom","Powerbank аккумуляторы","700-12000",0
"Alfa","Wi-Fi оборудование","700-25000",0
"Allied Telesis","Wi-Fi оборудование","700-25000",0
"Allied Telesis","Коммутаторы","1000-7000",0
"Allied Telesis","Маршрутизаторы","2000-8000",0
"AMD","SSD накопители","1700-5000",0
"AMD","Оперативная память","1200-15000",0
"AMD","Процессоры","6000-20000",0
"AmperIn","Powerbank аккумуляторы","700-12000",0
"ANKER","Powerbank аккумуляторы","700-12000",0
"Antec","Корпуса","1200-6500",0
"Antec","Системы охлаждения","5000-12000",0
"Antex","Антенны для Wi-Fi и 3G","4000-12000",0
"AOC","Монитор","6000-34000",0
"Apacer","SSD накопители","1700-5000",0
"Apacer","Жесткие диски","2000-25000",0
"Apacer","Оперативная память","1200-15000",0
"APC","Powerbank аккумуляторы","700-12000",0
"Apple","Wi-Fi оборудование","700-25000",0
"Apple","Ноутбуки","30000-120000",0
"Apple","Оптические приводы","900-3000",0
"ARCTIC","Системы охлаждения","5000-12000",0
"ARK","3G / LTE модемы","700-3000",0
"Artway","Powerbank аккумуляторы","700-12000",0
"Aruba","Wi-Fi оборудование","700-25000",0
"ASRock","RAID и PCI контроллеры","1400-4700",0
"ASRock","Материнские платы","4000-15000",0
"Asus","Powerbank аккумуляторы","700-12000",0
"Asus","Powerline адаптеры","1500-6800",0
"Asus","Wi-Fi оборудование","700-25000",0
"Asus","Видеокарты","7000-30000",0
"Asus","Звуковые карты","300-19000",0
"Asus","Материнские платы","4000-15000",0
"Asus","Монитор","6000-34000",0
"Asus","Ноутбуки","30000-60000",0
"Asus","Оптические приводы","900-3000",0
"Asus","Сумки для ноутбуков","1000-5000",0
"ASUSTOR","NAS сервера","18000-45000",0
"AudioQuest","Звуковые карты","300-19000",0
"Auzer","Powerbank аккумуляторы","700-12000",0
"Avantree","Powerbank аккумуляторы","700-12000",0
"Awei","Powerbank аккумуляторы","700-12000",0
"Be quiet","Блоки питания","300-1800",0
"Be quiet","Корпуса","1200-6500",0
"Be quiet","Системы охлаждения","5000-12000",0
"Beeline","3G / LTE модемы","700-3000",0
"BeeWi","Умные розетки","800-2000",0
"BenQ","Монитор","6000-34000",0
"BERTI","Powerbank аккумуляторы","700-12000",0
"Biostar","Материнские платы","4000-15000",0
"Black Fox","Powerbank аккумуляторы","700-12000",0
"Bradex","Подставки для ноутбуков","500-3000",0
"Buro","Powerbank аккумуляторы","700-12000",0
"CACTUS","Powerbank аккумуляторы","700-12000",0
"Calibre","Powerbank аккумуляторы","700-12000",0
"Cambridge","Звуковые карты","300-19000",0
"Canyon","Powerbank аккумуляторы","700-12000",0
"Canyon","Подставки для ноутбуков","500-3000",0
"Case Logic","Сумки для ноутбуков","1000-5000",0
"CBR","Powerbank аккумуляторы","700-12000",0
"CBR","Подставки для ноутбуков","500-3000",0
"Cellularline","Powerbank аккумуляторы","700-12000",0
"Chieftec","Блоки питания","300-1800",0
"Chieftec","Корпуса","1200-6500",0
"Chieftec","Системы охлаждения","5000-12000",0
"Cisco","Wi-Fi оборудование","700-25000",0
"Cisco","Антенны для Wi-Fi и 3G","4000-12000",0
"Cisco","Коммутаторы","1000-7000",0
"Cisco","Маршрутизаторы","2000-8000",0
"Cisco","Оперативная память","1200-15000",0
"C-Media","Звуковые карты","300-19000",0
"Codegen","Блоки питания","300-1800",0
"Codegen","Корпуса","1200-6500",0
"Colorful","Материнские платы","4000-15000",0
"Continent","Powerbank аккумуляторы","700-12000",0
"Continent","Сумки для ноутбуков","1000-5000",0
"Cooler Master","Блоки питания","300-1800",0
"Cooler Master","Корпуса","1200-6500",0
"Cooler Master","Подставки для ноутбуков","500-3000",0
"Cooler Master","Системы охлаждения","5000-12000",0
"Corsair","SSD накопители","1700-5000",0
"Corsair","Блоки питания","300-1800",0
"Corsair","Корпуса","1200-6500",0
"Corsair","Оперативная память","1200-15000",0
"Corsair","Системы охлаждения","5000-12000",0
"Cougar","Блоки питания","300-1800",0
"Cougar","Корпуса","1200-6500",0
"Cougar","Системы охлаждения","5000-12000",0
"Cozistyle","Сумки для ноутбуков","1000-5000",0
"cRadia","Подставки для ноутбуков","500-3000",0
"Creative","Звуковые карты","300-19000",0
"Crown","Блоки питания","300-1800",0
"Crown","Корпуса","1200-6500",0
"Crown","Подставки для ноутбуков","500-3000",0
"Crown","Системы охлаждения","5000-12000",0
"Crown","Сумки для ноутбуков","1000-5000",0
"Crucial","SSD накопители","1700-5000",0
"Crucial","Оперативная память","1200-15000",0
"Crumpler","Сумки для ноутбуков","1000-5000",0
"CRYORIG","Системы охлаждения","5000-12000",0
"Dahua","Коммутаторы","1000-7000",0
"DBK","Powerbank аккумуляторы","700-12000",0
"Deepcool","Блоки питания","300-1800",0
"Deepcool","Корпуса","1200-6500",0
"Deepcool","Подставки для ноутбуков","500-3000",0
"Deepcool","Системы охлаждения","5000-12000",0
"Defender","Powerbank аккумуляторы","700-12000",0
"Defender","Сумки для ноутбуков","1000-5000",0
"Dell","Powerbank аккумуляторы","700-12000",0
"Dell","SSD накопители","1700-5000",0
"Dell","Видеокарты","7000-30000",0
"Dell","Жесткие диски","2000-25000",0
"Dell","Коммутаторы","1000-7000",0
"Dell","Монитор","6000-34000",0
"Dell","Ноутбуки","30000-70000",0
"Dell","Оперативная память","1200-15000",0
"Dell","Оптические приводы","900-3000",0
"Dell","Сумки для ноутбуков","1000-5000",0
"Deppa","Powerbank аккумуляторы","700-12000",0
"DEXP","Ноутбуки","30000-120000",0
"DFunc","Powerbank аккумуляторы","700-12000",0
"Dicom","Powerbank аккумуляторы","700-12000",0
"Dicota","Сумки для ноутбуков","1000-5000",0
"DigiCare","Powerbank аккумуляторы","700-12000",0
"D-Link","3G / LTE модемы","700-3000",0
"D-Link","Powerline адаптеры","1500-6800",0
"D-Link","RAID и PCI контроллеры","1400-4700",0
"D-Link","Wi-Fi оборудование","700-25000",0
"D-Link","Антенны для Wi-Fi и 3G","4000-12000",0
"D-Link","Коммутаторы","1000-7000",0
"D-Link","Маршрутизаторы","2000-8000",0
"Doffler","Сумки для ноутбуков","1000-5000",0
"DrayTek","Wi-Fi оборудование","700-25000",0
"DrayTek","Маршрутизаторы","2000-8000",0
"Dream Machines","Ноутбуки","30000-70000",0
"EDIMAX","Wi-Fi оборудование","700-25000",0
"EDIMAX","Коммутаторы","1000-7000",0
"Eizo","Монитор","6000-34000",0
"Ekspedicia","Powerbank аккумуляторы","700-12000",0
"Elgato","Умные розетки","800-2000",0
"Eltex","Wi-Fi оборудование","700-25000",0
"EMC","Жесткие диски","2000-25000",0
"Enermax","Блоки питания","300-1800",0
"Enermax","Корпуса","1200-6500",0
"Enermax","Системы охлаждения","5000-12000",0
"EnGenius","Wi-Fi оборудование","700-25000",0
"EnGenius","Коммутаторы","1000-7000",0
"Espada","RAID и PCI контроллеры","1400-4700",0
"EVGA","Блоки питания","300-1800",0
"EVGA","Видеокарты","7000-30000",0
"EVO","Powerbank аккумуляторы","700-12000",0
"ExeGate","Блоки питания","300-1800",0
"ExeGate","Корпуса","1200-6500",0
"EXEQ","Powerbank аккумуляторы","700-12000",0
"Extreme Networks","Коммутаторы","1000-7000",0
"Falcon Eye","Коммутаторы","1000-7000",0
"Fellowes","Подставки для ноутбуков","500-3000",0
"FIBARO","Умные розетки","800-2000",0
"Formula","Корпуса","1200-6500",0
"Forward","Сумки для ноутбуков","1000-5000",0
"Foxconn","Блоки питания","300-1800",0
"Foxconn","Корпуса","1200-6500",0
"Foxline","SSD накопители","1700-5000",0
"Foxline","Блоки питания","300-1800",0
"Foxline","Корпуса","1200-6500",0
"Foxline","Оперативная память","1200-15000",0
"Fractal Design","Блоки питания","300-1800",0
"Fractal Design","Корпуса","1200-6500",0
"Fractal Design","Системы охлаждения","5000-12000",0
"FSP","Блоки питания","300-1800",0
"Fujitsu","SSD накопители","1700-5000",0
"Fujitsu","Жесткие диски","2000-25000",0
"Fujitsu","Ноутбуки","30000-60000",0
"Fujitsu","Оперативная память","1200-15000",0
"Fujitsu","Сумки для ноутбуков","1000-5000",0
"Gainward","Видеокарты","7000-30000",0
"Gamemax","Блоки питания","300-1800",0
"Gamemax","Корпуса","1200-6500",0
"Gamemax","Системы охлаждения","5000-12000",0
"G-case","Сумки для ноутбуков","1000-5000",0
"Geil","SSD накопители","1700-5000",0
"Geil","Оперативная память","1200-15000",0
"Gelid Solutions","Системы охлаждения","5000-12000",0
"Gembird","RAID и PCI контроллеры","1400-4700",0
"Gembird","Системы охлаждения","5000-12000",0
"Gigabyte","Блоки питания","300-1800",0
"Gigabyte","Видеокарты","7000-30000",0
"Gigabyte","Корпуса","1200-6500",0
"Gigabyte","Материнские платы","4000-15000",0
"Gigabyte","Ноутбуки","30000-70000",0
"GIGALINK","Коммутаторы","1000-7000",0
"GlacialTech","Системы охлаждения","5000-12000",0
"GMC","Корпуса","1200-6500",0
"Golla","Сумки для ноутбуков","1000-5000",0
"GOODRAM","SSD накопители","1700-5000",0
"GOODRAM","Оперативная память","1200-15000",0
"GP","Powerbank аккумуляторы","700-12000",0
"Hahnel","Powerbank аккумуляторы","700-12000",0
"Hama","Звуковые карты","300-19000",0
"Hama","Подставки для ноутбуков","500-3000",0
"Hama","Сумки для ноутбуков","1000-5000",0
"HARPER","Powerbank аккумуляторы","700-12000",0
"Havit","Подставки для ноутбуков","500-3000",0
"Hikvision","Коммутаторы","1000-7000",0
"Hikvision","Монитор","6000-34000",0
"Hiper","Powerbank аккумуляторы","700-12000",0
"Hipro","Блоки питания","300-1800",0
"HIS","Видеокарты","7000-30000",0
"Hitachi","SSD накопители","1700-5000",0
"Hitachi","Жесткие диски","2000-25000",0
"Hoco","Powerbank аккумуляторы","700-12000",0
"Hoox","Powerbank аккумуляторы","700-12000",0
"HP","RAID и PCI контроллеры","1400-4700",0
"HP","SSD накопители","1700-5000",0
"HP","Wi-Fi оборудование","700-25000",0
"HP","Видеокарты","7000-30000",0
"HP","Жесткие диски","2000-25000",0
"HP","Коммутаторы","1000-7000",0
"HP","Маршрутизаторы","2000-8000",0
"HP","Монитор","6000-34000",0
"HP","Ноутбуки","30000-600000",0
"HP","Оперативная память","1200-15000",0
"HP","Оптические приводы","900-3000",0
"HP","Сумки для ноутбуков","1000-5000",0
"Huawei","3G / LTE модемы","700-3000",0
"Huawei","Powerbank аккумуляторы","700-12000",0
"Huawei","SSD накопители","1700-5000",0
"Huawei","Wi-Fi оборудование","700-25000",0
"Huawei","Жесткие диски","2000-25000",0
"Huawei","Коммутаторы","1000-7000",0
"Huawei","Маршрутизаторы","2000-8000",0
"Huawei","Оперативная память","1200-15000",0
"Hynix","SSD накопители","1700-5000",0
"Hynix","Оперативная память","1200-15000",0
"IBM","SSD накопители","1700-5000",0
"IBM","Жесткие диски","2000-25000",0
"IBM","Оперативная память","1200-15000",0
"IceHammer","Системы охлаждения","5000-12000",0
"iconBIT","Powerbank аккумуляторы","700-12000",0
"Iiyama","Монитор","6000-34000",0
"In Win","Блоки питания","300-1800",0
"In Win","Корпуса","1200-6500",0
"Infortrend","Оперативная память","1200-15000",0
"Inno3D","Видеокарты","7000-30000",0
"Intel","SSD накопители","1700-5000",0
"Intel","Wi-Fi оборудование","700-25000",0
"Intel","Материнские платы","4000-15000",0
"Intel","Оптические приводы","900-3000",0
"Intel","Процессоры","6000-35000",0
"Intel","Системы охлаждения","5000-12000",0
"InterStep","Powerbank аккумуляторы","700-12000",0
"Irbis","Powerbank аккумуляторы","700-12000",0
"iStorage","SSD накопители","1700-5000",0
"iStorage","Жесткие диски","2000-25000",0
"JetA","Powerbank аккумуляторы","700-12000",0
"JetA","Сумки для ноутбуков","1000-5000",0
"Juniper","Коммутаторы","1000-7000",0
"KFA2","Видеокарты","7000-30000",0
"Kingmax","Оперативная память","1200-15000",0
"Kingston","SSD накопители","1700-5000",0
"Kingston","Оперативная память","1200-15000",0
"Korg","Звуковые карты","300-19000",0
"KREZ","Powerbank аккумуляторы","700-12000",0
"Kromax","Подставки для ноутбуков","500-3000",0
"Krusell","Сумки для ноутбуков","1000-5000",0
"KS-is","Powerbank аккумуляторы","700-12000",0
"KS-is","Wi-Fi оборудование","700-25000",0
"KS-is","Подставки для ноутбуков","500-3000",0
"LaCie","SSD накопители","1700-5000",0
"LaCie","Жесткие диски","2000-25000",0
"Lenovo","SSD накопители","1700-5000",0
"Lenovo","Видеокарты","7000-30000",0
"Lenovo","Жесткие диски","2000-25000",0
"Lenovo","Монитор","6000-34000",0
"Lenovo","Ноутбуки","30000-60000",0
"Lenovo","Оперативная память","1200-15000",0
"Lenovo","Оптические приводы","900-3000",0
"Lenovo","Сумки для ноутбуков","1000-5000",0
"Lepow","Powerbank аккумуляторы","700-12000",0
"LevelOne","Wi-Fi оборудование","700-25000",0
"LevelOne","Антенны для Wi-Fi и 3G","4000-12000",0
"Lexand","Wi-Fi оборудование","700-25000",0
"LG","Powerbank аккумуляторы","700-12000",0
"LG","Wi-Fi оборудование","700-25000",0
"LG","Монитор","6000-34000",0
"LG","Оптические приводы","900-3000",0
"Lian Li","Корпуса","1200-6500",0
"LigoWave","Wi-Fi оборудование","700-25000",0
"LINKSYS","Wi-Fi оборудование","700-25000",0
"LINKSYS","Коммутаторы","1000-7000",0
"LINKSYS","Маршрутизаторы","2000-8000",0
"LinkWorld","Блоки питания","300-1800",0
"LinkWorld","Корпуса","1200-6500",0
"LiteOn","Оптические приводы","900-3000",0
"LSI","RAID и PCI контроллеры","1400-4700",0
"MANGO","Powerbank аккумуляторы","700-12000",0
"Meizu","Powerbank аккумуляторы","700-12000",0
"Merlin","Powerbank аккумуляторы","700-12000",0
"Micron","SSD накопители","1700-5000",0
"MikroTik","Wi-Fi оборудование","700-25000",0
"MikroTik","Антенны для Wi-Fi и 3G","4000-12000",0
"MikroTik","Коммутаторы","1000-7000",0
"MikroTik","Маршрутизаторы","2000-8000",0
"Miracase","Powerbank аккумуляторы","700-12000",0
"Momax","Powerbank аккумуляторы","700-12000",0
"Monster","Powerbank аккумуляторы","700-12000",0
"Mophie","Powerbank аккумуляторы","700-12000",0
"Moshi","Сумки для ноутбуков","1000-5000",0
"Motorola","Powerbank аккумуляторы","700-12000",0
"MOXA","Wi-Fi оборудование","700-25000",0
"MOXA","Коммутаторы","1000-7000",0
"MSI","Видеокарты","7000-30000",0
"MSI","Материнские платы","4000-15000",0
"MSI","Монитор","6000-34000",0
"MSI","Ноутбуки","30000-60000",0
"Multico","Коммутаторы","1000-7000",0
"NAD","Звуковые карты","300-19000",0
"Nanoxia","Системы охлаждения","5000-12000",0
"Native Union","Powerbank аккумуляторы","700-12000",0
"Navan","Блоки питания","300-1800",0
"NEC","Монитор","6000-34000",0
"Neovo","Монитор","6000-34000",0
"NETGEAR","3G / LTE модемы","700-3000",0
"NETGEAR","NAS сервера","18000-45000",0
"NETGEAR","Powerline адаптеры","1500-6800",0
"NETGEAR","Wi-Fi оборудование","700-25000",0
"NETGEAR","Антенны для Wi-Fi и 3G","4000-12000",0
"NETGEAR","Коммутаторы","1000-7000",0
"Netis","Powerline адаптеры","1500-6800",0
"Netis","Wi-Fi оборудование","700-25000",0
"Netis","Антенны для Wi-Fi и 3G","4000-12000",0
"Netis","Коммутаторы","1000-7000",0
"Newline","Монитор","6000-34000",0
"Nobby","Powerbank аккумуляторы","700-12000",0
"Noctua","Системы охлаждения","5000-12000",0
"Noiseblocker","Системы охлаждения","5000-12000",0
"NZXT","Корпуса","1200-6500",0
"NZXT","Системы охлаждения","5000-12000",0
"OCZ","SSD накопители","1700-5000",0
"OLMIO","Powerbank аккумуляторы","700-12000",0
"Orico","RAID и PCI контроллеры","1400-4700",0
"Orient","RAID и PCI контроллеры","1400-4700",0
"Orient","Wi-Fi оборудование","700-25000",0
"Orient","Подставки для ноутбуков","500-3000",0
"Packard Bell","Монитор","6000-34000",0
"Packard Bell","Ноутбуки","30000-120000",0
"Palit","SSD накопители","1700-5000",0
"Palit","Видеокарты","7000-30000",0
"Panasonic","Монитор","6000-34000",0
"Pantech","3G / LTE модемы","700-3000",0
"Partner","Powerbank аккумуляторы","700-12000",0
"Patriot","SSD накопители","1700-5000",0
"Patriot","Оперативная память","1200-15000",0
"PC PET","Сумки для ноутбуков","1000-5000",0
"Philips","Монитор","6000-34000",0
"Pineng","Powerbank аккумуляторы","700-12000",0
"Piquadro","Сумки для ноутбуков","1000-5000",0
"PLANET","Коммутаторы","1000-7000",0
"PLANET","Маршрутизаторы","2000-8000",0
"Plextor","SSD накопители","1700-5000",0
"PNY","SSD накопители","1700-5000",0
"PNY","Видеокарты","7000-30000",0
"Port Designs","Сумки для ноутбуков","1000-5000",0
"PortCase","Сумки для ноутбуков","1000-5000",0
"Powercase","Корпуса","1200-6500",0
"PowerColor","Видеокарты","7000-30000",0
"PowerCool","Блоки питания","300-1800",0
"PowerCool","Корпуса","1200-6500",0
"Powerman","Корпуса","1200-6500",0
"Powerocks","Powerbank аккумуляторы","700-12000",0
"Powerpod","Powerbank аккумуляторы","700-12000",0
"Powertraveller","Powerbank аккумуляторы","700-12000",0
"PQI","SSD накопители","1700-5000",0
"Prestigio","Монитор","6000-34000",0
"Prestigio","Ноутбуки","30000-120000",0
"Prime Line","Powerbank аккумуляторы","700-12000",0
"Promate","Powerbank аккумуляторы","700-12000",0
"QNAP","NAS сервера","18000-45000",0
"QNAP","Оперативная память","1200-15000",0
"Qumo","Powerbank аккумуляторы","700-12000",0
"Qumo","SSD накопители","1700-5000",0
"Qumo","Оперативная память","1200-15000",0
"RedLine","Powerbank аккумуляторы","700-12000",0
"Redmond","Умные розетки","800-2000",0
"Remax","Powerbank аккумуляторы","700-12000",0
"REXANT","Powerbank аккумуляторы","700-12000",0
"RF Elements","Антенны для Wi-Fi и 3G","4000-12000",0
"Ritmix","Powerbank аккумуляторы","700-12000",0
"RIVACASE","Powerbank аккумуляторы","700-12000",0
"RIVACASE","Сумки для ноутбуков","1000-5000",0
"RME","Звуковые карты","300-19000",0
"ROCK","Powerbank аккумуляторы","700-12000",0
"Rombica","Powerbank аккумуляторы","700-12000",0
"Romoss","Powerbank аккумуляторы","700-12000",0
"Ross&Moor","Powerbank аккумуляторы","700-12000",0
"Rubetek","Умные розетки","800-2000",0
"Runco","Монитор","6000-34000",0
"Runtastic","Powerbank аккумуляторы","700-12000",0
"Samsonite","Сумки для ноутбуков","1000-5000",0
"Samsung","Powerbank аккумуляторы","700-12000",0
"Samsung","SSD накопители","1700-5000",0
"Samsung","Wi-Fi оборудование","700-25000",0
"Samsung","Жесткие диски","2000-25000",0
"Samsung","Монитор","6000-34000",0
"Samsung","Оперативная память","1200-15000",0
"Samurai","SSD накопители","1700-5000",0
"SanDisk","SSD накопители","1700-5000",0
"Sapphire","Видеокарты","7000-30000",0
"Scythe","Системы охлаждения","5000-12000",0
"Sea Sonic","Блоки питания","300-1800",0
"Seagate","NAS сервера","18000-45000",0
"Seagate","SSD накопители","1700-5000",0
"Seagate","Жесткие диски","2000-25000",0
"Sharp","Монитор","6000-34000",0
"Silicon Power","SSD накопители","1700-5000",0
"Silicon Power","Жесткие диски","2000-25000",0
"Silicon Power","Оперативная память","1200-15000",0
"SilverStone","Корпуса","1200-6500",0
"SilverStone","Системы охлаждения","5000-12000",0
"Sititek","Powerbank аккумуляторы","700-12000",0
"Sititek","Подставки для ноутбуков","500-3000",0
"Skylink","Wi-Fi оборудование","700-25000",0
"Smart Bird","Подставки для ноутбуков","500-3000",0
"SmartBuy","Powerbank аккумуляторы","700-12000",0
"SmartBuy","SSD накопители","1700-5000",0
"SmartBuy","Жесткие диски","2000-25000",0
"Sonoff","Умные розетки","800-2000",0
"Sony","Powerbank аккумуляторы","700-12000",0
"Sony","SSD накопители","1700-5000",0
"Sony","Жесткие диски","2000-25000",0
"Sony","Монитор","6000-34000",0
"Sony","Оптические приводы","900-3000",0
"SoundTronix","Powerbank аккумуляторы","700-12000",0
"Speed Dragon","RAID и PCI контроллеры","1400-4700",0
"STLab","RAID и PCI контроллеры","1400-4700",0
"STM","Блоки питания","300-1800",0
"Storm","Блоки питания","300-1800",0
"Sumdex","Сумки для ноутбуков","1000-5000",0
"Super Flower","Блоки питания","300-1800",0
"Supermicro","RAID и PCI контроллеры","1400-4700",0
"Supermicro","Материнские платы","4000-15000",0
"Supermicro","Оперативная память","1200-15000",0
"Supermicro","Системы охлаждения","5000-12000",0
"Sven","Powerbank аккумуляторы","700-12000",0
"Synology","NAS сервера","18000-45000",0
"Targus","Сумки для ноутбуков","1000-5000",0
"Team Group","SSD накопители","1700-5000",0
"Team Group","Оперативная память","1200-15000",0
"TechLink","Powerbank аккумуляторы","700-12000",0
"Tenda","3G / LTE модемы","700-3000",0
"Tenda","Powerline адаптеры","1500-6800",0
"Tenda","Wi-Fi оборудование","700-25000",0
"Tenda","Коммутаторы","1000-7000",0
"Texet","Powerbank аккумуляторы","700-12000",0
"TG-NET","Коммутаторы","1000-7000",0
"Thecus","NAS сервера","18000-45000",0
"Thermalright","Системы охлаждения","5000-12000",0
"Thermaltake","Блоки питания","300-1800",0
"Thermaltake","Корпуса","1200-6500",0
"Thermaltake","Системы охлаждения","5000-12000",0
"Think Tank","Сумки для ноутбуков","1000-5000",0
"Thule","Сумки для ноутбуков","1000-5000",0
"TITAN","Подставки для ноутбуков","500-3000",0
"TITAN","Системы охлаждения","5000-12000",0
"TopON","Powerbank аккумуляторы","700-12000",0
"Toshiba","SSD накопители","1700-5000",0
"Toshiba","Жесткие диски","2000-25000",0
"Totolink","Wi-Fi оборудование","700-25000",0
"TP-LINK","3G / LTE модемы","700-3000",0
"TP-LINK","Powerbank аккумуляторы","700-12000",0
"TP-LINK","Powerline адаптеры","1500-6800",0
"TP-LINK","Wi-Fi оборудование","700-25000",0
"TP-LINK","Антенны для Wi-Fi и 3G","4000-12000",0
"TP-LINK","Коммутаторы","1000-7000",0
"TP-LINK","Маршрутизаторы","2000-8000",0
"TP-LINK","Умные розетки","800-2000",0
"Transcend","SSD накопители","1700-5000",0
"Transcend","Жесткие диски","2000-25000",0
"Transcend","Оперативная память","1200-15000",0
"Transcend","Оптические приводы","900-3000",0
"TRENDnet","Powerline адаптеры","1500-6800",0
"TRENDnet","Wi-Fi оборудование","700-25000",0
"TRENDnet","Коммутаторы","1000-7000",0
"Triada","Антенны для Wi-Fi и 3G","4000-12000",0
"Trust","Powerbank аккумуляторы","700-12000",0
"Trust","Подставки для ноутбуков","500-3000",0
"Trust","Сумки для ноутбуков","1000-5000",0
"Tucano","Сумки для ноутбуков","1000-5000",0
"UAG","Сумки для ноутбуков","1000-5000",0
"uBear","Powerbank аккумуляторы","700-12000",0
"Ubiquiti","Wi-Fi оборудование","700-25000",0
"Ubiquiti","Антенны для Wi-Fi и 3G","4000-12000",0
"Ubiquiti","Коммутаторы","1000-7000",0
"Ubiquiti","Маршрутизаторы","2000-8000",0
"Upvel","Powerline адаптеры","1500-6800",0
"Upvel","Wi-Fi оборудование","700-25000",0
"Upvel","Коммутаторы","1000-7000",0
"Upvel","Маршрутизаторы","2000-8000",0
"Urbano","Сумки для ноутбуков","1000-5000",0
"Varta","Powerbank аккумуляторы","700-12000",0
"Verbatim","Жесткие диски","2000-25000",0
"Vertex","Powerbank аккумуляторы","700-12000",0
"VIA","RAID и PCI контроллеры","1400-4700",0
"Viewsonic","Wi-Fi оборудование","700-25000",0
"Viewsonic","Монитор","6000-34000",0
"Waytronic","Умные розетки","800-2000",0
"WD","NAS сервера","18000-45000",0
"WD","SSD накопители","1700-5000",0
"WD","Жесткие диски","2000-25000",0
"Winard","Блоки питания","300-1800",0
"Winard","Корпуса","1200-6500",0
"Wivat","Wi-Fi оборудование","700-25000",0
"Wivat","Антенны для Wi-Fi и 3G","4000-12000",0
"WOPOW","Powerbank аккумуляторы","700-12000",0
"X-Flash","Powerbank аккумуляторы","700-12000",0
"XFX","Видеокарты","7000-30000",0
"Xiaomi","Powerbank аккумуляторы","700-12000",0
"Xiaomi","Wi-Fi оборудование","700-25000",0
"Xiaomi","Ноутбуки","30000-60000",0
"Xiaomi","Сумки для ноутбуков","1000-5000",0
"Xiaomi","Умные розетки","800-2000",0
"Xilence","Блоки питания","300-1800",0
"Xilence","Подставки для ноутбуков","500-3000",0
"Xilence","Системы охлаждения","5000-12000",0
"Yoobao","Powerbank аккумуляторы","700-12000",0
"Ysbao","Powerbank аккумуляторы","700-12000",0
"Zalman","Блоки питания","300-1800",0
"Zalman","Корпуса","1200-6500",0
"Zalman","Подставки для ноутбуков","500-3000",0
"Zalman","Системы охлаждения","5000-12000",0
"ZOTAC","Видеокарты","7000-30000",0
"ZTE","3G / LTE модемы","700-3000",0
"ZTE","Wi-Fi оборудование","700-25000",0
"ZyXel","NAS сервера","18000-45000",0
"ZyXel","Powerline адаптеры","1500-6800",0
"ZyXel","Wi-Fi оборудование","700-25000",0
"ZyXel","Антенны для Wi-Fi и 3G","4000-12000",0
"ZyXel","Коммутаторы","1000-7000",0
"ZyXel","Маршрутизаторы","2000-8000",0
"PapkaS","Ноутбуки","35000-42000",0
